bucket,probability
Still closed by 2027-02,0.5459840768059946
2026-09,0.06064863599110174
2026-10,0.05798501346446552
2026-11,0.05576044959606603
2026-08,0.05379932092260859
2026-12,0.05049174569722515
2027-01,0.0473597939351364
2026-07,0.047330523357920616
2027-02,0.041212972719822036
2026-06,0.03942746750965929
